Postcode:,Year:,Url:
7325,2013,https://pvoutput.org/aggregate.jsp?id=13448&sid=13242&v=0&t=m
7325,2014,https://pvoutput.org/aggregate.jsp?id=13448&sid=13242&v=0&t=m
7325,2015,https://pvoutput.org/aggregate.jsp?id=13448&sid=13242&v=0&t=m
7325,2016,https://pvoutput.org/aggregate.jsp?id=13448&sid=13242&v=0&t=m
7325,2017,https://pvoutput.org/aggregate.jsp?id=13448&sid=13242&v=0&t=m
7325,2018,https://pvoutput.org/aggregate.jsp?id=13448&sid=13242&v=0&t=m
7559,2013,https://pvoutput.org/aggregate.jsp?id=10324&sid=8645&v=0&t=m
7559,2014,https://pvoutput.org/aggregate.jsp?id=10324&sid=8645&v=0&t=m
7559,2015,https://pvoutput.org/aggregate.jsp?id=10324&sid=8645&v=0&t=m
7559,2016,https://pvoutput.org/aggregate.jsp?id=10324&sid=8645&v=0&t=m
7559,2017,https://pvoutput.org/aggregate.jsp?id=10324&sid=8645&v=0&t=m
7559,2018,https://pvoutput.org/aggregate.jsp?id=10324&sid=8645&v=0&t=m
5384,2015,https://pvoutput.org/aggregate.jsp?id=12596&sid=10530&v=0&t=m
5384,2016,https://pvoutput.org/aggregate.jsp?id=12596&sid=10530&v=0&t=m
5384,2017,https://pvoutput.org/aggregate.jsp?id=12596&sid=10530&v=0&t=m
5384,2018,https://pvoutput.org/aggregate.jsp?id=12596&sid=10530&v=0&t=m
2134,2009,https://pvoutput.org/aggregate.jsp?id=13727&sid=11592&v=0&t=m
2134,2010,https://pvoutput.org/aggregate.jsp?id=13727&sid=11592&v=0&t=m
2134,2011,https://pvoutput.org/aggregate.jsp?id=13727&sid=11592&v=0&t=m
2134,2012,https://pvoutput.org/aggregate.jsp?id=13727&sid=11592&v=0&t=m
2134,2013,https://pvoutput.org/aggregate.jsp?id=13727&sid=11592&v=0&t=m
2134,2014,https://pvoutput.org/aggregate.jsp?id=13727&sid=11592&v=0&t=m
2134,2015,https://pvoutput.org/aggregate.jsp?id=13727&sid=11592&v=0&t=m
2134,2016,https://pvoutput.org/aggregate.jsp?id=13727&sid=11592&v=0&t=m
2134,2017,https://pvoutput.org/aggregate.jsp?id=13727&sid=11592&v=0&t=m
2134,2018,https://pvoutput.org/aggregate.jsp?id=13727&sid=11592&v=0&t=m
2201,2010,https://pvoutput.org/aggregate.jsp?id=18865&sid=16711&v=0&t=m
2201,2011,https://pvoutput.org/aggregate.jsp?id=18865&sid=16711&v=0&t=m
2201,2012,https://pvoutput.org/aggregate.jsp?id=18865&sid=16711&v=0&t=m
2201,2013,https://pvoutput.org/aggregate.jsp?id=18865&sid=16711&v=0&t=m
2201,2014,https://pvoutput.org/aggregate.jsp?id=18865&sid=16711&v=0&t=m
2201,2015,https://pvoutput.org/aggregate.jsp?id=18865&sid=16711&v=0&t=m
2201,2016,https://pvoutput.org/aggregate.jsp?id=18865&sid=16711&v=0&t=m
2201,2017,https://pvoutput.org/aggregate.jsp?id=18865&sid=16711&v=0&t=m
2201,2018,https://pvoutput.org/aggregate.jsp?id=18865&sid=16711&v=0&t=m
6712,2013,https://pvoutput.org/aggregate.jsp?id=38767&sid=35464&v=0&t=m
6712,2014,https://pvoutput.org/aggregate.jsp?id=38767&sid=35464&v=0&t=m
6712,2015,https://pvoutput.org/aggregate.jsp?id=38767&sid=35464&v=0&t=m
6712,2016,https://pvoutput.org/aggregate.jsp?id=38767&sid=35464&v=0&t=m
6712,2017,https://pvoutput.org/aggregate.jsp?id=38767&sid=35464&v=0&t=m
6712,2018,https://pvoutput.org/aggregate.jsp?id=38767&sid=35464&v=0&t=m
6591,2013,https://pvoutput.org/aggregate.jsp?id=14531&sid=12383&v=0&t=m
6591,2014,https://pvoutput.org/aggregate.jsp?id=14531&sid=12383&v=0&t=m
6591,2015,https://pvoutput.org/aggregate.jsp?id=14531&sid=12383&v=0&t=m
6591,2016,https://pvoutput.org/aggregate.jsp?id=14531&sid=12383&v=0&t=m
6591,2017,https://pvoutput.org/aggregate.jsp?id=14531&sid=12383&v=0&t=m
6591,2018,https://pvoutput.org/aggregate.jsp?id=14531&sid=12383&v=0&t=m
3481,2015,https://pvoutput.org/aggregate.jsp?id=26005&sid=24763&v=0&t=m
3481,2016,https://pvoutput.org/aggregate.jsp?id=26005&sid=24763&v=0&t=m
3481,2017,https://pvoutput.org/aggregate.jsp?id=26005&sid=24763&v=0&t=m
3481,2018,https://pvoutput.org/aggregate.jsp?id=26005&sid=24763&v=0&t=m
5552,2010,https://pvoutput.org/aggregate.jsp?id=46882&sid=42746&v=0&t=m
5552,2011,https://pvoutput.org/aggregate.jsp?id=46882&sid=42746&v=0&t=m
5552,2012,https://pvoutput.org/aggregate.jsp?id=46882&sid=42746&v=0&t=m
5552,2013,https://pvoutput.org/aggregate.jsp?id=46882&sid=42746&v=0&t=m
5552,2014,https://pvoutput.org/aggregate.jsp?id=46882&sid=42746&v=0&t=m
5552,2015,https://pvoutput.org/aggregate.jsp?id=46882&sid=42746&v=0&t=m
5552,2016,https://pvoutput.org/aggregate.jsp?id=46882&sid=42746&v=0&t=m
5552,2017,https://pvoutput.org/aggregate.jsp?id=46882&sid=42746&v=0&t=m
5552,2018,https://pvoutput.org/aggregate.jsp?id=46882&sid=42746&v=0&t=m
3994,2010,https://pvoutput.org/aggregate.jsp?id=4665&sid=3689&v=0&t=m
3994,2011,https://pvoutput.org/aggregate.jsp?id=4665&sid=3689&v=0&t=m
3994,2012,https://pvoutput.org/aggregate.jsp?id=4665&sid=3689&v=0&t=m
3994,2013,https://pvoutput.org/aggregate.jsp?id=4665&sid=3689&v=0&t=m
3994,2014,https://pvoutput.org/aggregate.jsp?id=4665&sid=3689&v=0&t=m
3994,2015,https://pvoutput.org/aggregate.jsp?id=4665&sid=3689&v=0&t=m
3994,2016,https://pvoutput.org/aggregate.jsp?id=4665&sid=3689&v=0&t=m
3994,2017,https://pvoutput.org/aggregate.jsp?id=4665&sid=3689&v=0&t=m
3994,2018,https://pvoutput.org/aggregate.jsp?id=4665&sid=3689&v=0&t=m
